#,NOMBRE,SEGUIDORES,TP,PAÍS,TEMA DE INFLUENCIA,ALCANCE POTENCIAL,GUARDAR,INVITAR A LA CAMPAÑA,channel_name,channel_id,total_subscribers,total_views,total_uploads
1,NoCopyrightSounds @UC_aEa8K-EOJ3D6gOs7HcyNg,32.9M,-,Reino Unido,Música,9.9M,,Ver Perfil,NoCopyrightSounds,UC_aEa8K-EOJ3D6gOs7HcyNg,34300000.0,12546286387.0,2143.0
2,DanTDM @UCS5Oz6CHmeoF7vSad0qqXfw,26.3M,-,Reino Unido,,7.9M,,Ver Perfil,DanTDM,UCS5Oz6CHmeoF7vSad0qqXfw,29100000.0,20428466444.0,3806.0
3,KSI @UCVtFOytbRpEvzLjvqGG5gxQ,24M,-,Reino Unido,,7.2M,,Ver Perfil,KSI,UCVtFOytbRpEvzLjvqGG5gxQ,24800000.0,6038154138.0,1250.0
4,Mister Max @UC_8PAD0Qmi6_gpe77S1Atgg,23M,0.1%,Reino Unido,,6.9M,,Ver Perfil,Mister Max,UC_8PAD0Qmi6_gpe77S1Atgg,25200000.0,16786921112.0,1262.0
5,Jelly @UC0DZmkupLYwc0yDsfocLh0A,22.9M,-,Reino Unido,,6.9M,,Ver Perfil,Jelly,UC0DZmkupLYwc0yDsfocLh0A,23300000.0,15359426584.0,6968.0
6,Miss Katy @UCcartHVtvAUzfajflyeT_Gg,22.6M,-,Reino Unido,,6.8M,,Ver Perfil,Miss Katy,UCcartHVtvAUzfajflyeT_Gg,25600000.0,16650963803.0,1208.0
7,Dua Lipa @UC-J-KZfRV8c13fOCkhXdLiQ,21.1M,-,Reino Unido,,6.3M,,Ver Perfil,Dua Lipa,UC-J-KZfRV8c13fOCkhXdLiQ,25300000.0,16357813374.0,341.0
8,Dan Rhodes @UC6D1L2vxEAg_Vi0JSxMBDgA,17.7M,0.3%,Reino Unido,,5.3M,,Ver Perfil,Dan Rhodes,UC6D1L2vxEAg_Vi0JSxMBDgA,26100000.0,19266766485.0,1961.0
9,Ali-A @UCYVinkwSX7szARULgYpvhLw,17.7M,-,Reino Unido,,5.3M,,Ver Perfil,Ali-A,UCYVinkwSX7szARULgYpvhLw,19700000.0,7329858755.0,5233.0
10,Gaby and Alex @UCHwBjRoGO1V-H8QYXjSVHkQ,17M,-,Reino Unido,,5.1M,,Ver Perfil,Gaby and Alex,UCHwBjRoGO1V-H8QYXjSVHkQ,17300000.0,9825757389.0,373.0
11,Sidemen @sidemen,17M,2.8%,Reino Unido,,5.1M,,Ver Perfil,Sidemen @sidemen,,,,
12,Queen Official @UCiMhD4jzUqG-IgPzUmmytRQ,16.3M,-,Reino Unido,,4.9M,,Ver Perfil,Queen Official,UCiMhD4jzUqG-IgPzUmmytRQ,19100000.0,13461296956.0,1646.0
13,Little Mix @UCIvqWqjC4aLvp7zI8hzARrA,16.1M,-,Reino Unido,,4.8M,,Ver Perfil,Little Mix,UCIvqWqjC4aLvp7zI8hzARrA,16500000.0,8791971235.0,278.0
14,JJ Olatunji @UCGmnsW623G1r-Chmo5RB4Yw,15.9M,-,Reino Unido,,4.8M,,Ver Perfil,JJ Olatunji,UCGmnsW623G1r-Chmo5RB4Yw,19000000.0,5405246836.0,1551.0
15,F2Freestylers - Ultimate Soccer Skills Channel @UCKvn9VBLAiLiYL4FFJHri6g,14M,0.2%,Reino Unido,Celebridad,4.2M,,Ver Perfil,F2Freestylers - Ultimate Soccer Skills Channel,UCKvn9VBLAiLiYL4FFJHri6g,13800000.0,3447751452.0,1054.0
16,BBC News @UC16niRr50-MSBwiO3YDb3RA,13.3M,-,Reino Unido,,4M,,Ver Perfil,BBC News,UC16niRr50-MSBwiO3YDb3RA,20000000.0,7268386670.0,32807.0
17,BBC @UCCj956IF62FbT7Gouszaj9w,12.9M,-,Reino Unido,,3.9M,,Ver Perfil,BBC,UCCj956IF62FbT7Gouszaj9w,15600000.0,12796669412.0,32266.0
18,Awakening Music @UCBq5hp6DvwWam2XOXw6lYJA,12.4M,-,संयुक्त अधिराज्य,सङ्गीत,3.7M,,प्रोफ़ाइल देखें,Awakening Music,UCBq5hp6DvwWam2XOXw6lYJA,15700000.0,7168060416.0,1203.0
19,DisneyChannelUK @UCLeuoGy_hUDTBf5Hk0ynrpQ,12.3M,-,संयुक्त अधिराज्य,,3.7M,,प्रोफ़ाइल देखें,DisneyChannelUK,UCLeuoGy_hUDTBf5Hk0ynrpQ,13700000.0,14902276928.0,4896.0
20,colinfurze @UCp68_FLety0O-n9QU6phsgw,11.9M,0.6%,संयुक्त अधिराज्य,,3.6M,,प्रोफ़ाइल देखें,colinfurze,UCp68_FLety0O-n9QU6phsgw,13300000.0,1841941771.0,432.0
21,Mrwhosetheboss @UCMiJRAwDNSNzuYeN2uWa0pA,11.8M,1.9%,संयुक्त अधिराज्य,,3.5M,,प्रोफ़ाइल देखें,Mrwhosetheboss,UCMiJRAwDNSNzuYeN2uWa0pA,22800000.0,8998416136.0,1928.0
22,TommyInnit @UC5p_l5ZeB_wGjO_yDXwiqvw,11.7M,-,संयुक्त अधिराज्य,,3.5M,,प्रोफ़ाइल देखें,TommyInnit,UC5p_l5ZeB_wGjO_yDXwiqvw,15000000.0,2662547453.0,557.0
23,Morgz @UCBwSufNse8VMBvQM_rCSvgQ,11.6M,0.1%,संयुक्त अधिराज्य,,3.5M,,प्रोफ़ाइल देखें,Morgz,UCBwSufNse8VMBvQM_rCSvgQ,12500000.0,3629753526.0,906.0
24,Tiana @UC6sSkkemzPjmrzS0Y0V_2zw,11.4M,-,संयुक्त अधिराज्य,,3.4M,,प्रोफ़ाइल देखें,Tiana,UC6sSkkemzPjmrzS0Y0V_2zw,11300000.0,3266188914.0,1066.0
25,DisneyJuniorUK @UC7Gf2tZ8coTX2ckTPgn62iQ,11.2M,-,संयुक्त अधिराज्य,,3.4M,,प्रोफ़ाइल देखें,DisneyJuniorUK,UC7Gf2tZ8coTX2ckTPgn62iQ,15200000.0,24341195589.0,5366.0
26,Emily Tube @UC-0D1RlSzcvBoODCKSoLl2g,11M,-,संयुक्त अधिराज्य,,3.3M,,प्रोफ़ाइल देखें,Emily Tube,UC-0D1RlSzcvBoODCKSoLl2g,11000000.0,4347604723.0,781.0
27,Slogo @UCHdMK5Ef2El8KbD3L_WgANg,10.9M,-,संयुक्त अधिराज्य,,3.3M,,प्रोफ़ाइल देखें,Slogo,UCHdMK5Ef2El8KbD3L_WgANg,11700000.0,9573332283.0,7723.0
28,Jessie J @UC4pEp0mo54WhEBCTYvjVDJA,10.4M,-,संयुक्त अधिराज्य,,3.1M,,प्रोफ़ाइल देखें,Jessie J,UC4pEp0mo54WhEBCTYvjVDJA,10900000.0,6540984303.0,389.0
29,Sing King @UCwTRjvjVge51X-ILJ4i22ew,10.2M,-,संयुक्त अधिराज्य,,3.1M,,प्रोफ़ाइल देखें,Sing King,UCwTRjvjVge51X-ILJ4i22ew,14700000.0,12152491140.0,6508.0
30,BBC News عربي @UCelk6aHijZq-GJBBB9YpReA,10.1M,-,संयुक्त अधिराज्य,,3M,,प्रोफ़ाइल देखें,BBC News عربي,UCelk6aHijZq-GJBBB9YpReA,13100000.0,5992086955.0,50293.0
31,Classic Mr Bean @UCEwIUtFBhaI2L2PuKv0KL2g,9.9M,-,संयुक्त अधिराज्य,,3M,,प्रोफ़ाइल देखें,Classic Mr Bean,UCEwIUtFBhaI2L2PuKv0KL2g,11000000.0,3845761139.0,3188.0
32,Syndicate @UC1ieoHqKW-yYgDhLHIcx28w,9.7M,-,संयुक्त अधिराज्य,,2.9M,,प्रोफ़ाइल देखें,Syndicate,UC1ieoHqKW-yYgDhLHIcx28w,9520000.0,2148276322.0,3575.0
33,Gorillaz @UCfIXdjDQH9Fau7y99_Orpjw,9.4M,0.1%,संयुक्त अधिराज्य,,2.8M,,प्रोफ़ाइल देखें,Gorillaz,UCfIXdjDQH9Fau7y99_Orpjw,13500000.0,8226655521.0,536.0
34,Woody & Kleiny @UCoGForHQAmk0_9rI9CABeYw,9.4M,1.1%,संयुक्त अधिराज्य,,2.8M,,प्रोफ़ाइल देखें,Woody & Kleiny,UCoGForHQAmk0_9rI9CABeYw,15800000.0,16127138063.0,1939.0
35,Jungle Beat @UChUHOEe7zgYmrv7a_LlpNng,9.3M,-,संयुक्त अधिराज्य,यात्रा,2.8M,,प्रोफ़ाइल देखें,Jungle Beat,UChUHOEe7zgYmrv7a_LlpNng,13500000.0,7523666248.0,1250.0
36,Julius Dein @juliusdein,9.2M,-,संयुक्त अधिराज्य,,2.8M,,प्रोफ़ाइल देखें,Julius Dein @juliusdein,,,,
37,The X Factor UK @UCEY1ejsweY4DgMwOVJeEaBA,9.1M,0.1%,संयुक्त अधिराज्य,,2.7M,,प्रोफ़ाइल देखें,The X Factor UK,UCEY1ejsweY4DgMwOVJeEaBA,9230000.0,7197210254.0,5810.0
38,English with Lucy @UCz4tgANd4yy8Oe0iXCdSWfA,9M,-,संयुक्त अधिराज्य,,2.7M,,प्रोफ़ाइल देखें,English with Lucy,UCz4tgANd4yy8Oe0iXCdSWfA,14100000.0,632414859.0,534.0
39,Shaun the Sheep @UCS7H8U-n5mINVJjJsaRtGHg,8.9M,-,संयुक्त अधिराज्य,,2.7M,,प्रोफ़ाइल देखें,Shaun the Sheep,UCS7H8U-n5mINVJjJsaRtGHg,13900000.0,7938119085.0,1408.0
40,Cartoons for Kids @UC977n5nXRn8MDuGQjwxkOLw,8.7M,-,संयुक्त अधिराज्य,,2.6M,,प्रोफ़ाइल देखें,Cartoons for Kids,UC977n5nXRn8MDuGQjwxkOLw,9200000.0,3641067819.0,3593.0
41,Mumbo Jumbo @UChFur_NwVSbUozOcF_F2kMg,8.5M,1.7%,संयुक्त अधिराज्य,भिडियो गेमिङ,2.6M,,प्रोफ़ाइल देखें,Mumbo Jumbo,UChFur_NwVSbUozOcF_F2kMg,9780000.0,3429352629.0,2200.0
42,Top Gear @UCjOl2AUblVmg2rA_cRgZkFg,8.4M,-,संयुक्त अधिराज्य,,2.5M,,प्रोफ़ाइल देखें,Top Gear,UCjOl2AUblVmg2rA_cRgZkFg,9530000.0,4226736773.0,1882.0
43,Moonbug Kids - Kids Learning Videos @UC1QqdFv5e9QSEi0eYdfwuqw,8.3M,-,संयुक्त अधिराज्य,,2.5M,,प्रोफ़ाइल देखें,Moonbug Kids - Kids Learning Videos,UC1QqdFv5e9QSEi0eYdfwuqw,15400000.0,11979340894.0,2706.0
44,BBC Radio 1 @UC-FQUIVQ-bZiefzBiQAa8Fw,8.1M,-,संयुक्त अधिराज्य,,2.4M,,प्रोफ़ाइल देखें,BBC Radio 1,UC-FQUIVQ-bZiefzBiQAa8Fw,8550000.0,4230206166.0,4988.0
45,Liverpool FC @liverpoolfc,8M,-,संयुक्त अधिराज्य,,2.4M,,प्रोफ़ाइल देखें,Liverpool FC @liverpoolfc,,,,
46,Grian @UCR9Gcq0CMm6YgTzsDxAxjOQ,7.8M,1.8%,संयुक्त अधिराज्य,,2.3M,,प्रोफ़ाइल देखें,Grian,UCR9Gcq0CMm6YgTzsDxAxjOQ,8910000.0,2837674274.0,847.0
47,Daz Games @UCDBCCMlFD-hArPbWv38FINA,7.6M,0.3%,संयुक्त अधिराज्य,,2.3M,,प्रोफ़ाइल देखें,Daz Games,UCDBCCMlFD-hArPbWv38FINA,9540000.0,3352046945.0,1765.0
48,Vikkstar123 @UCvwgF_0NOZe2vN4Q3g1bY-A,7.6M,-,संयुक्त अधिराज्य,,2.3M,,प्रोफ़ाइल देखें,Vikkstar123,UCvwgF_0NOZe2vN4Q3g1bY-A,7570000.0,2223765539.0,5174.0
49,PlayToys @UCHFA6Nt11kE_8OWIya0SQDQ,7.6M,-,संयुक्त अधिराज्य,,2.3M,,प्रोफ़ाइल देखें,PlayToys,UCHFA6Nt11kE_8OWIya0SQDQ,8160000.0,3287317735.0,1182.0
50,carwow @UCUhFaUpnq31m6TNX2VKVSVA,7.5M,0.2%,संयुक्त अधिराज्य,,2.2M,,प्रोफ़ाइल देखें,carwow,UCUhFaUpnq31m6TNX2VKVSVA,11100000.0,5585494040.0,3578.0
51,Jeremy Lynch @UC5Y1pPVNm-odhiubuRO1D6A,7.4M,-,संयुक्त अधिराज्य,,2.2M,,प्रोफ़ाइल देखें,Jeremy Lynch,UC5Y1pPVNm-odhiubuRO1D6A,13100000.0,7949150455.0,1650.0
52,TomSka @UCOYWgypDktXdb-HfZnSMK6A,7.2M,2.2%,संयुक्त अधिराज्य,,2.2M,,प्रोफ़ाइल देखें,TomSka,UCOYWgypDktXdb-HfZnSMK6A,7570000.0,2192809183.0,181.0
53,YOGSCAST Lewis & Simon @UCH-_hzb2ILSCo9ftVSnrCIQ,7.1M,-,संयुक्त अधिराज्य,समाचारहरू,2.1M,,प्रोफ़ाइल देखें,YOGSCAST Lewis & Simon,UCH-_hzb2ILSCo9ftVSnrCIQ,7060000.0,4731507909.0,7747.0
54,LDShadowLady @UCzTlXb7ivVzuFlugVCv3Kvg,7M,-,संयुक्त अधिराज्य,भिडियो गेमिङ,2.1M,,प्रोफ़ाइल देखें,LDShadowLady,UCzTlXb7ivVzuFlugVCv3Kvg,7540000.0,3667754816.0,1102.0
55,The Beatles @UCc4K7bAqpdBP8jh1j9XZAww,6.9M,0.1%,संयुक्त अधिराज्य,,2.1M,,प्रोफ़ाइल देखें,The Beatles,UCc4K7bAqpdBP8jh1j9XZAww,9680000.0,9575620269.0,530.0
56,Passenger @UCFHtCB_FWXQ8GpjgfYcD8-g,6.9M,-,संयुक्त अधिराज्य,,2.1M,,प्रोफ़ाइल देखें,Passenger,UCFHtCB_FWXQ8GpjgfYcD8-g,7960000.0,5452078013.0,438.0
57,MessYourself @UCrSgaO6xOY8YV1EoCbD51HA,6.9M,-,संयुक्त अधिराज्य,,2.1M,,प्रोफ़ाइल देखें,MessYourself,UCrSgaO6xOY8YV1EoCbD51HA,6880000.0,1955888374.0,631.0
58,MoreSidemen @UCh5mLn90vUaB1PbRRx_AiaA,6.8M,0.6%,संयुक्त अधिराज्य,,2M,,प्रोफ़ाइल देखें,MoreSidemen,UCh5mLn90vUaB1PbRRx_AiaA,9760000.0,7232487804.0,1631.0
59,Boomerang UK @UCmst562fALOY2cKb4IFgqEg,6.8M,-,संयुक्त अधिराज्य,,2M,,प्रोफ़ाइल देखें,Boomerang UK,UCmst562fALOY2cKb4IFgqEg,8620000.0,4832423181.0,3277.0
60,James Arthur @UCV5Gw7GGOMxe6SSF6llp_3Q,6.8M,-,संयुक्त अधिराज्य,,2M,,प्रोफ़ाइल देखें,James Arthur,UCV5Gw7GGOMxe6SSF6llp_3Q,7850000.0,5565633760.0,333.0
61,ARPO The Robot @UCrSx8rek9EuC3YGHvG8aalw,6.7M,-,संयुक्त अधिराज्य,,2M,,प्रोफ़ाइल देखें,ARPO The Robot,UCrSx8rek9EuC3YGHvG8aalw,8060000.0,3805494605.0,2028.0
62,24 News HD @UCcmpeVbSSQlZRvHfdC-CRwg,6.7M,-,संयुक्त अधिराज्य,,2M,,प्रोफ़ाइल देखें,24 News HD,UCcmpeVbSSQlZRvHfdC-CRwg,9590000.0,4560972697.0,233291.0
63,RubyandBonnie @UC_wITz-Ze4JFc3WLQA1n3Hw,6.6M,-,संयुक्त अधिराज्य,,2M,,प्रोफ़ाइल देखें,RubyandBonnie,UC_wITz-Ze4JFc3WLQA1n3Hw,10200000.0,7275565213.0,809.0
64,Nickelodeon UK @UCHiceVclOIFCgAcveITRLLw,6.6M,-,संयुक्त अधिराज्य,,2M,,प्रोफ़ाइल देखें,Nickelodeon UK,UCHiceVclOIFCgAcveITRLLw,7860000.0,8535424749.0,3865.0
65,Mark Ronson @UCSY5V7BJSrxNvvBF0Drslow,6.5M,-,संयुक्त अधिराज्य,,2M,,प्रोफ़ाइल देखें,Mark Ronson,UCSY5V7BJSrxNvvBF0Drslow,7240000.0,7554317364.0,24.0
66,Rhia Official @UCQdsJ95w9jh-yB0BA6EDGWA,6.4M,-,संयुक्त अधिराज्य,,1.9M,,प्रोफ़ाइल देखें,Rhia Official,UCQdsJ95w9jh-yB0BA6EDGWA,15500000.0,8437273439.0,1305.0
67,UKF Dubstep @UCfLFTP1uTuIizynWsZq2nkQ,6.3M,-,संयुक्त अधिराज्य,,1.9M,,प्रोफ़ाइल देखें,UKF Dubstep,UCfLFTP1uTuIizynWsZq2nkQ,6210000.0,2196325086.0,2074.0
68,TGFbro @UCOgUcv_9DaivXzsN9mcHIzQ,6.2M,0.9%,संयुक्त अधिराज्य,,1.9M,,प्रोफ़ाइल देखें,TGFbro,UCOgUcv_9DaivXzsN9mcHIzQ,6160000.0,1510554599.0,520.0
69,Wilbur Soot @UC1n_PfsVqxllCcnMPlxBIjw,6.2M,2.6%,संयुक्त अधिराज्य,,1.9M,,प्रोफ़ाइल देखें,Wilbur Soot,UC1n_PfsVqxllCcnMPlxBIjw,5220000.0,811154692.0,140.0
70,Russell Brand @UCswH8ovgUp5Bdg-0_JTYFNw,6.2M,-,संयुक्त अधिराज्य,,1.9M,,प्रोफ़ाइल देखें,Russell Brand,UCswH8ovgUp5Bdg-0_JTYFNw,6640000.0,1672723703.0,5952.0
71,Manchester United @UC6yW44UGJJBvYTlfC7CRg2Q,6.2M,0.2%,संयुक्त अधिराज्य,,1.9M,,प्रोफ़ाइल देखें,Manchester United,UC6yW44UGJJBvYTlfC7CRg2Q,11500000.0,3542713004.0,6530.0
72,Pingu - Official Channel @UCM88mtSE0zRTn5ae4EbYcuw,6.2M,-,संयुक्त अधिराज्य,,1.8M,,प्रोफ़ाइल देखें,Pingu - Official Channel,UCM88mtSE0zRTn5ae4EbYcuw,7810000.0,3302173513.0,723.0
73,Mrwhosetheboss Shorts @UCZSlfzadjnw7G419c_OJ9eg,6.1M,-,संयुक्त अधिराज्य,,1.8M,,प्रोफ़ाइल देखें,Mrwhosetheboss Shorts,UCZSlfzadjnw7G419c_OJ9eg,6890000.0,3869068094.0,186.0
74,Niko Omilana @UCdcUmdOxMrhRjKMw-BX19AA,6M,16.2%,संयुक्त अधिराज्य,,1.8M,,प्रोफ़ाइल देखें,Niko Omilana,UCdcUmdOxMrhRjKMw-BX19AA,8960000.0,796548519.0,154.0
75,Tiana Wilson @UC7_yh9PEDpaqp34QtGO-_Yw,5.9M,-,संयुक्त अधिराज्य,,1.8M,,प्रोफ़ाइल देखें,Tiana Wilson,UC7_yh9PEDpaqp34QtGO-_Yw,5770000.0,1661123096.0,414.0
76,Capital FM @UCZzwjZPc6R_PbnDgFVMwlvQ,5.8M,-,संयुक्त अधिराज्य,,1.7M,,प्रोफ़ाइल देखें,Capital FM,UCZzwjZPc6R_PbnDgFVMwlvQ,6510000.0,4160182543.0,4161.0
77,Simon's Cat @UCH6vXjt-BA7QHl0KnfL-7RQ,5.8M,0.3%,संयुक्त अधिराज्य,,1.7M,,प्रोफ़ाइल देखें,Simon's Cat,UCH6vXjt-BA7QHl0KnfL-7RQ,6580000.0,1788831780.0,789.0
78,CGP Grey @UC2C_jShtL725hvbm1arSV9w,5.8M,-,संयुक्त अधिराज्य,,1.7M,,प्रोफ़ाइल देखें,CGP Grey,UC2C_jShtL725hvbm1arSV9w,7040000.0,1274583410.0,195.0
79,Jamie Oliver @UCpSgg_ECBj25s9moCDfSTsA,5.8M,-,संयुक्त अधिराज्य,,1.7M,,प्रोफ़ाइल देखें,Jamie Oliver,UCpSgg_ECBj25s9moCDfSTsA,6210000.0,1097259421.0,2862.0
80,ChrisMD @sirhcchris2010,5.6M,2.2%,संयुक्त अधिराज्य,,1.7M,,प्रोफ़ाइल देखें,ChrisMD @sirhcchris2010,,,,
81,Dumori Bay @UC-VDfQNL-S44eZscGlXI14g,5.6M,-,संयुक्त अधिराज्य,,1.7M,,प्रोफ़ाइल देखें,Dumori Bay,UC-VDfQNL-S44eZscGlXI14g,5190000.0,1150636.0,225.0
82,Space Videos @UCakgsb0w7QB0VHdnCc-OVEA,5.5M,-,संयुक्त अधिराज्य,,1.7M,,प्रोफ़ाइल देखें,Space Videos,UCakgsb0w7QB0VHdnCc-OVEA,5460000.0,31573186.0,276.0
83,Real Stories @UCu4XcDBdnZkV6-5z2f16M0g,5.5M,-,संयुक्त अधिराज्य,प्रसिद्धि,1.7M,,प्रोफ़ाइल देखें,Real Stories,UCu4XcDBdnZkV6-5z2f16M0g,6750000.0,1044665664.0,1361.0
84,More Emily @UCO66lK14MYiXlu0A6pQ4ouA,5.4M,-,संयुक्त अधिराज्य,,1.6M,,प्रोफ़ाइल देखें,More Emily,UCO66lK14MYiXlu0A6pQ4ouA,5160000.0,1475176157.0,612.0
85,GRM Daily @UCqTwKvjbTENZDGbz2si47ag,5.3M,-,संयुक्त अधिराज्य,,1.6M,,प्रोफ़ाइल देखें,GRM Daily,UCqTwKvjbTENZDGbz2si47ag,6720000.0,8519080107.0,15814.0
86,Joe Weller @UCLk9wddjT0F-HILLRFXodtg,5.3M,1.9%,संयुक्त अधिराज्य,,1.6M,,प्रोफ़ाइल देखें,Joe Weller,UCLk9wddjT0F-HILLRFXodtg,5320000.0,1040329666.0,338.0
87,WildBrain Kids @UCbmWOFTbZoDLWqG1rvFnJ0g,5.2M,-,संयुक्त अधिराज्य,प्रसिद्धि,1.6M,,प्रोफ़ाइल देखें,WildBrain Kids,UCbmWOFTbZoDLWqG1rvFnJ0g,12500000.0,6532018319.0,6094.0
88,Sky News @UCoMdktPbSTixAyNGwb-UYkQ,5.2M,-,संयुक्त अधिराज्य,,1.5M,,प्रोफ़ाइल देखें,Sky News,UCoMdktPbSTixAyNGwb-UYkQ,9350000.0,5822589429.0,76960.0
89,Jarvis @UCvxfEIG3PHpgM0TMJJ_SH-w,5M,0.8%,संयुक्त अधिराज्य,,1.5M,,प्रोफ़ाइल देखें,Jarvis,UCvxfEIG3PHpgM0TMJJ_SH-w,5630000.0,1760711493.0,806.0
90,Thoughty2 @UCRlICXvO4XR4HMeEB9JjDlA,5M,-,संयुक्त अधिराज्य,,1.5M,,प्रोफ़ाइल देखें,Thoughty2,UCRlICXvO4XR4HMeEB9JjDlA,5700000.0,1184069081.0,1023.0
91,TheDadLab @thedadlab,5M,-,संयुक्त अधिराज्य,,1.5M,,प्रोफ़ाइल देखें,TheDadLab @thedadlab,,,,
92,Behzinga @UCHhfSXoDG6gSgpOvLH4wrRw,4.9M,-,संयुक्त अधिराज्य,,1.5M,,प्रोफ़ाइल देखें,Behzinga,UCHhfSXoDG6gSgpOvLH4wrRw,4910000.0,588174881.0,874.0
93,BBC Learning English @UCHaHD477h-FeBbVh9Sh7syA,4.8M,-,संयुक्त अधिराज्य,,1.4M,,प्रोफ़ाइल देखें,BBC Learning English,UCHaHD477h-FeBbVh9Sh7syA,10800000.0,523151017.0,4450.0
94,Max and Katy @UCvZwcK22QTUaM18KE7mHeNw,4.8M,-,संयुक्त अधिराज्य,,1.4M,,प्रोफ़ाइल देखें,Max and Katy,UCvZwcK22QTUaM18KE7mHeNw,4590000.0,1319026817.0,510.0
95,Man City @UCkzCjdRMrW2vXLx8mvPVLdQ,4.8M,-,संयुक्त अधिराज्य,,1.4M,,प्रोफ़ाइल देखें,Man City,UCkzCjdRMrW2vXLx8mvPVLdQ,9520000.0,3193181578.0,10534.0
96,Wisp @UC0h07r_UgTD0Tc-Dn5XLX3g,4.7M,1.1%,संयुक्त अधिराज्य,,1.4M,,प्रोफ़ाइल देखें,Wisp,UC0h07r_UgTD0Tc-Dn5XLX3g,5870000.0,1425781870.0,695.0
97,WillNE @UCaFUrR3oSxOl5Y9y6tvLTEg,4.7M,2.4%,संयुक्त अधिराज्य,,1.4M,,प्रोफ़ाइल देखें,WillNE,UCaFUrR3oSxOl5Y9y6tvLTEg,5350000.0,948608361.0,320.0
98,Zerkaa @UChntGq8THlUokhc1tT-M2wA,4.7M,2.3%,संयुक्त अधिराज्य,,1.4M,,प्रोफ़ाइल देखें,Zerkaa,UChntGq8THlUokhc1tT-M2wA,4690000.0,896461508.0,2031.0
99,Ben Phillips @UChoQQRDf-zU1h6_YjKkWvdw,4.6M,-,संयुक्त अधिराज्य,,1.4M,,प्रोफ़ाइल देखें,Ben Phillips,UChoQQRDf-zU1h6_YjKkWvdw,4480000.0,1303549976.0,876.0
100,Roxxsaurus @UCBKFH7bU2ebvO68FtuGjyyw,4.5M,-,संयुक्त अधिराज्य,,1.4M,,प्रोफ़ाइल देखें,Roxxsaurus,UCBKFH7bU2ebvO68FtuGjyyw,4530000.0,569376438.0,1155.0
